{"BANKING77": 0.5614718614718615, "HWU64": 0.5502645502645502, "CLINC150": 0.5448888888888889, "average": 0.5522084335417669}